{
  "Bengals": {
    "conference": "AFC",
    "division": "AFC North",
    "W": 6,
    "L": 7,
    "win_pct": 0.47058823529411764,
    "conference_pct": 0.5416666666666666,
    "division_pct": 0.5,
    "strength_of_victory": 0.4411764705882353,
    "strength_of_schedule": 0.49134948096885817,
    "playoff_probability": 79.1,
    "remaining_sos": 0.3813,
    "remaining_games": 4
  },
  "Bills": {
    "conference": "AFC",
    "division": "AFC East",
    "W": 3,
    "L": 10,
    "win_pct": 0.29411764705882354,
    "conference_pct": 0.2916666666666667,
    "division_pct": 0.25,
    "strength_of_victory": 0.411764705882353,
    "strength_of_schedule": 0.49826989619377166,
    "playoff_probability": 1.0,
    "remaining_sos": 0.4703,
    "remaining_games": 4
  },
  "Broncos": {
    "conference": "AFC",
    "division": "AFC West",
    "W": 12,
    "L": 1,
    "win_pct": 0.8235294117647058,
    "conference_pct": 0.7916666666666666,
    "division_pct": 0.75,
    "strength_of_victory": 0.4852941176470588,
    "strength_of_schedule": 0.47058823529411764,
    "playoff_probability": 100.0,
    "remaining_sos": 0.4477,
    "remaining_games": 4
  },
  "Browns": {
    "conference": "AFC",
    "division": "AFC North",
    "W": 5,
    "L": 8,
    "win_pct": 0.4117647058823529,
    "conference_pct": 0.2916666666666667,
    "division_pct": 0.25,
    "strength_of_victory": 0.4588235294117647,
    "strength_of_schedule": 0.5224913494809689,
    "playoff_probability": 27.2,
    "remaining_sos": 0.443,
    "remaining_games": 4
  },
  "Chargers": {
    "conference": "AFC",
    "division": "AFC West",
    "W": 7,
    "L": 6,
    "win_pct": 0.5294117647058824,
    "conference_pct": 0.5416666666666666,
    "division_pct": 0.5,
    "strength_of_victory": 0.43697478991596633,
    "strength_of_schedule": 0.5190311418685122,
    "playoff_probability": 95.0,
    "remaining_sos": 0.4945,
    "remaining_games": 4
  },
  "Chiefs": {
    "conference": "AFC",
    "division": "AFC West",
    "W": 4,
    "L": 9,
    "win_pct": 0.35294117647058826,
    "conference_pct": 0.3333333333333333,
    "division_pct": 0.3333333333333333,
    "strength_of_victory": 0.5588235294117647,
    "strength_of_schedule": 0.5570934256055363,
    "playoff_probability": 1.0,
    "remaining_sos": 0.6813,
    "remaining_games": 4
  },
  "Colts": {
    "conference": "AFC",
    "division": "AFC South",
    "W": 3,
    "L": 10,
    "win_pct": 0.29411764705882354,
    "conference_pct": 0.25,
    "division_pct": 0.0,
    "strength_of_victory": 0.3333333333333333,
    "strength_of_schedule": 0.5259515570934257,
    "playoff_probability": 1.0,
    "remaining_sos": 0.5438,
    "remaining_games": 4
  },
  "Dolphins": {
    "conference": "AFC",
    "division": "AFC East",
    "W": 6,
    "L": 7,
    "win_pct": 0.47058823529411764,
    "conference_pct": 0.5416666666666666,
    "division_pct": 0.8,
    "strength_of_victory": 0.37254901960784315,
    "strength_of_schedule": 0.4948096885813149,
    "playoff_probability": 48.8,
    "remaining_sos": 0.5398,
    "remaining_games": 4
  },
  "Jaguars": {
    "conference": "AFC",
    "division": "AFC South",
    "W": 6,
    "L": 7,
    "win_pct": 0.47058823529411764,
    "conference_pct": 0.4166666666666667,
    "division_pct": 0.75,
    "strength_of_victory": 0.40196078431372545,
    "strength_of_schedule": 0.4948096885813149,
    "playoff_probability": 33.4,
    "remaining_sos": 0.5625,
    "remaining_games": 4
  },
  "Jets": {
    "conference": "AFC",
    "division": "AFC East",
    "W": 4,
    "L": 9,
    "win_pct": 0.35294117647058826,
    "conference_pct": 0.375,
    "division_pct": 0.0,
    "strength_of_victory": 0.4852941176470588,
    "strength_of_schedule": 0.5397923875432525,
    "playoff_probability": 2.3,
    "remaining_sos": 0.5414,
    "remaining_games": 4
  },
  "Patriots": {
    "conference": "AFC",
    "division": "AFC East",
    "W": 10,
    "L": 3,
    "win_pct": 0.7058823529411765,
    "conference_pct": 0.6666666666666666,
    "division_pct": 1.0,
    "strength_of_victory": 0.5058823529411764,
    "strength_of_schedule": 0.5017301038062284,
    "playoff_probability": 100.0,
    "remaining_sos": 0.4594,
    "remaining_games": 4
  },
  "Raiders": {
    "conference": "AFC",
    "division": "AFC West",
    "W": 8,
    "L": 5,
    "win_pct": 0.5882352941176471,
    "conference_pct": 0.5,
    "division_pct": 0.4,
    "strength_of_victory": 0.5220588235294118,
    "strength_of_schedule": 0.5294117647058824,
    "playoff_probability": 95.0,
    "remaining_sos": 0.4359,
    "remaining_games": 4
  },
  "Ravens": {
    "conference": "AFC",
    "division": "AFC North",
    "W": 10,
    "L": 3,
    "win_pct": 0.7058823529411765,
    "conference_pct": 0.7916666666666666,
    "division_pct": 0.75,
    "strength_of_victory": 0.4176470588235294,
    "strength_of_schedule": 0.44982698961937717,
    "playoff_probability": 100.0,
    "remaining_sos": 0.5414,
    "remaining_games": 4
  },
  "Steelers": {
    "conference": "AFC",
    "division": "AFC North",
    "W": 6,
    "L": 7,
    "win_pct": 0.47058823529411764,
    "conference_pct": 0.5416666666666666,
    "division_pct": 0.5,
    "strength_of_victory": 0.43137254901960786,
    "strength_of_schedule": 0.4878892733564014,
    "playoff_probability": 63.1,
    "remaining_sos": 0.5453,
    "remaining_games": 4
  },
  "Texans": {
    "conference": "AFC",
    "division": "AFC South",
    "W": 6,
    "L": 7,
    "win_pct": 0.47058823529411764,
    "conference_pct": 0.375,
    "division_pct": 0.2,
    "strength_of_victory": 0.411764705882353,
    "strength_of_schedule": 0.5086505190311419,
    "playoff_probability": 46.1,
    "remaining_sos": 0.418,
    "remaining_games": 4
  },
  "Titans": {
    "conference": "AFC",
    "division": "AFC South",
    "W": 11,
    "L": 2,
    "win_pct": 0.7647058823529411,
    "conference_pct": 0.75,
    "division_pct": 1.0,
    "strength_of_victory": 0.42780748663101603,
    "strength_of_schedule": 0.4809688581314879,
    "playoff_probability": 100.0,
    "remaining_sos": 0.5453,
    "remaining_games": 4
  },
  "49ers": {
    "conference": "NFC",
    "division": "NFC West",
    "W": 7,
    "L": 6,
    "win_pct": 0.5294117647058824,
    "conference_pct": 0.5833333333333334,
    "division_pct": 1.0,
    "strength_of_victory": 0.3949579831932773,
    "strength_of_schedule": 0.4809688581314879,
    "playoff_probability": 46.5,
    "remaining_sos": 0.5719,
    "remaining_games": 4
  },
  "Bears": {
    "conference": "NFC",
    "division": "NFC North",
    "W": 7,
    "L": 6,
    "win_pct": 0.5294117647058824,
    "conference_pct": 0.5416666666666666,
    "division_pct": 0.75,
    "strength_of_victory": 0.44537815126050423,
    "strength_of_schedule": 0.4948096885813149,
    "playoff_probability": 27.0,
    "remaining_sos": 0.5617,
    "remaining_games": 4
  },
  "Buccaneers": {
    "conference": "NFC",
    "division": "NFC South",
    "W": 8,
    "L": 5,
    "win_pct": 0.5882352941176471,
    "conference_pct": 0.7083333333333334,
    "division_pct": 0.6666666666666666,
    "strength_of_victory": 0.4338235294117647,
    "strength_of_schedule": 0.4878892733564014,
    "playoff_probability": 93.2,
    "remaining_sos": 0.582,
    "remaining_games": 4
  },
  "Cardinals": {
    "conference": "NFC",
    "division": "NFC West",
    "W": 1,
    "L": 12,
    "win_pct": 0.17647058823529413,
    "conference_pct": 0.16666666666666666,
    "division_pct": 0.2,
    "strength_of_victory": 0.4117647058823529,
    "strength_of_schedule": 0.5121107266435986,
    "playoff_probability": 0.0,
    "remaining_sos": 0.5273,
    "remaining_games": 4
  },
  "Commanders": {
    "conference": "NFC",
    "division": "NFC East",
    "W": 7,
    "L": 6,
    "win_pct": 0.5294117647058824,
    "conference_pct": 0.5,
    "division_pct": 0.0,
    "strength_of_victory": 0.46218487394957986,
    "strength_of_schedule": 0.5086505190311419,
    "playoff_probability": 31.4,
    "remaining_sos": 0.482,
    "remaining_games": 4
  },