{
  "49ers": {
    "conference": "NFC",
    "division": "NFC West",
    "W": 11,
    "L": 6,
    "win_pct": 0.6470588235294118,
    "conference_pct": 0.6666666666666666,
    "division_pct": 0.6666666666666666,
    "strength_of_victory": 0.4518716577540107,
    "strength_of_schedule": 0.49826989619377166,
    "playoff_probability": 100.0,
    "division_win_probability": 0.1,
    "bye_probability": 0.1,
    "remaining_sos": 0.6969,
    "remaining_games": 1,
    "past_sos": 0.5127,
    "clinched": true,
    "eliminated": false
  },
  "Bears": {
    "conference": "NFC",
    "division": "NFC North",
    "W": 10,
    "L": 7,
    "win_pct": 0.5882352941176471,
    "conference_pct": 0.6666666666666666,
    "division_pct": 0.8333333333333334,
    "strength_of_victory": 0.33529411764705885,
    "strength_of_schedule": 0.4671280276816609,
    "playoff_probability": 100.0,
    "division_win_probability": 99.9,
    "bye_probability": 0.1,
    "remaining_sos": 0.6375,
    "remaining_games": 1,
    "past_sos": 0.4748,
    "clinched": true,
    "eliminated": false
  },
  "Bengals": {
    "conference": "AFC",
    "division": "AFC North",
    "W": 14,
    "L": 3,
    "win_pct": 0.8235294117647058,
    "conference_pct": 0.8333333333333334,
    "division_pct": 0.8333333333333334,
    "strength_of_victory": 0.44537815126050423,
    "strength_of_schedule": 0.4809688581314879,
    "playoff_probability": 99.9,
    "division_win_probability": 99.9,
    "bye_probability": 46.1,
    "remaining_sos": 0.0,
    "remaining_games": 0,
    "past_sos": 0.5103,
    "clinched": false,
    "eliminated": false
  },
  "Bills": {
    "conference": "AFC",
    "division": "AFC East",
    "W": 10,
    "L": 7,
    "win_pct": 0.5882352941176471,
    "conference_pct": 0.5833333333333334,
    "division_pct": 0.8333333333333334,
    "strength_of_victory": 0.4,
    "strength_of_schedule": 0.4809688581314879,
    "playoff_probability": 79.4,
    "division_win_probability": 0.1,
    "bye_probability": 0.1,
    "remaining_sos": 0.0,
    "remaining_games": 0,
    "past_sos": 0.5088,
    "clinched": false,
    "eliminated": false
  },
  "Broncos": {
    "conference": "AFC",
    "division": "AFC West",
    "W": 14,
    "L": 3,
    "win_pct": 0.8235294117647058,
    "conference_pct": 0.8333333333333334,
    "division_pct": 0.8333333333333334,
    "strength_of_victory": 0.4117647058823529,
    "strength_of_schedule": 0.4429065743944637,
    "playoff_probability": 100.0,
    "division_win_probability": 99.9,
    "bye_probability": 53.9,
    "remaining_sos": 0.5844,
    "remaining_games": 1,
    "past_sos": 0.4779,
    "clinched": true,
    "eliminated": false
  },
  "Browns": {
    "conference": "AFC",
    "division": "AFC North",
    "W": 12,
    "L": 5,
    "win_pct": 0.7058823529411765,
    "conference_pct": 0.75,
    "division_pct": 0.5,
    "strength_of_victory": 0.4754901960784314,
    "strength_of_schedule": 0.4809688581314879,
    "playoff_probability": 100.0,
    "division_win_probability": 0.1,
    "bye_probability": 0.1,
    "remaining_sos": 0.7188,
    "remaining_games": 1,
    "past_sos": 0.5134,
    "clinched": true,
    "eliminated": false
  },
  "Buccaneers": {
    "conference": "NFC",
    "division": "NFC South",
    "W": 0,
    "L": 17,
    "win_pct": 0.0,
    "conference_pct": 0.0,
    "division_pct": 0.0,
    "strength_of_victory": 0,
    "strength_of_schedule": 0.5692041522491349,
    "playoff_probability": 0.0,
    "division_win_probability": 0.1,
    "bye_probability": 0.1,
    "remaining_sos": 0.0,
    "remaining_games": 0,
    "past_sos": 0.5717,
    "clinched": false,
    "eliminated": true
  },
  "Cardinals": {
    "conference": "NFC",
    "division": "NFC West",
    "W": 2,
    "L": 15,
    "win_pct": 0.11764705882352941,
    "conference_pct": 0.08333333333333333,
    "division_pct": 0.0,
    "strength_of_victory": 0.16176470588235295,
    "strength_of_schedule": 0.5501730103806228,
    "playoff_probability": 0.0,
    "division_win_probability": 0.1,
    "bye_probability": 0.1,
    "remaining_sos": 0.0,
    "remaining_games": 0,
    "past_sos": 0.5676,
    "clinched": false,
    "eliminated": true
  },
  "Chargers": {
    "conference": "AFC",
    "division": "AFC West",
    "W": 4,
    "L": 13,
    "win_pct": 0.23529411764705882,
    "conference_pct": 0.25,
    "division_pct": 0.3333333333333333,
    "strength_of_victory": 0.4852941176470588,
    "strength_of_schedule": 0.5605536332179931,
    "playoff_probability": 0.0,
    "division_win_probability": 0.1,
    "bye_probability": 0.1,
    "remaining_sos": 0.0,
    "remaining_games": 0,
    "past_sos": 0.5506,
    "clinched": false,
    "eliminated": true
  },
  "Chiefs": {
    "conference": "AFC",
    "division": "AFC West",
    "W": 9,
    "L": 8,
    "win_pct": 0.5294117647058824,
    "conference_pct": 0.5,
    "division_pct": 0.3333333333333333,
    "strength_of_victory": 0.47058823529411764,
    "strength_of_schedule": 0.5155709342560554,
    "playoff_probability": 0.0,
    "division_win_probability": 0.1,
    "bye_probability": 0.1,
    "remaining_sos": 0.0,
    "remaining_games": 0,
    "past_sos": 0.5241,
    "clinched": false,
    "eliminated": true
  },
  "Colts": {
    "conference": "AFC",
    "division": "AFC South",
    "W": 8,
    "L": 9,
    "win_pct": 0.47058823529411764,
    "conference_pct": 0.3333333333333333,
    "division_pct": 0.3333333333333333,
    "strength_of_victory": 0.4117647058823529,
    "strength_of_schedule": 0.5259515570934257,
    "playoff_probability": 0.0,
    "division_win_probability": 0.1,
    "bye_probability": 0.1,
    "remaining_sos": 0.0,
    "remaining_games": 0,
    "past_sos": 0.5314,
    "clinched": false,
    "eliminated": true
  },
  "Commanders": {
    "conference": "NFC",
    "division": "NFC East",
    "W": 7,
    "L": 10,
    "win_pct": 0.4117647058823529,
    "conference_pct": 0.5,
    "division_pct": 0.6666666666666666,
    "strength_of_victory": 0.41596638655462187,
    "strength_of_schedule": 0.5294117647058824,
    "playoff_probability": 0.0,
    "division_win_probability": 0.1,
    "bye_probability": 0.1,
    "remaining_sos": 0.0,
    "remaining_games": 0,
    "past_sos": 0.5279,
    "clinched": false,
    "eliminated": true
  },
  "Cowboys": {
    "conference": "NFC",
    "division": "NFC East",
    "W": 12,
    "L": 5,
    "win_pct": 0.7058823529411765,
    "conference_pct": 0.6666666666666666,
    "division_pct": 0.6666666666666666,
    "strength_of_victory": 0.4583333333333333,
    "strength_of_schedule": 0.5259515570934257,
    "playoff_probability": 100.0,
    "division_win_probability": 21.5,
    "bye_probability": 0.1,
    "remaining_sos": 0.5719,
    "remaining_games": 1,
    "past_sos": 0.5447,
    "clinched": true,
    "eliminated": false
  },
  "Dolphins": {
    "conference": "AFC",
    "division": "AFC East",
    "W": 3,
    "L": 14,
    "win_pct": 0.17647058823529413,
    "conference_pct": 0.08333333333333333,
    "division_pct": 0.0,
    "strength_of_victory": 0.37254901960784315,
    "strength_of_schedule": 0.5605536332179931,
    "playoff_probability": 0.0,
    "division_win_probability": 0.1,
    "bye_probability": 0.1,
    "remaining_sos": 0.0,
    "remaining_games": 0,
    "past_sos": 0.5472,
    "clinched": false,
    "eliminated": true
  },
  "Eagles": {
    "conference": "NFC",
    "division": "NFC East",
    "W": 1,
    "L": 15,
    "win_pct": 0.08823529411764706,
    "conference_pct": 0.125,
    "division_pct": 0.0,
    "strength_of_victory": 0.23529411764705882,
    "strength_of_schedule": 0.5501730103806228,
    "playoff_probability": 0.0,
    "division_win_probability": 0.1,
    "bye_probability": 0.1,
    "remaining_sos": 0.0,
    "remaining_games": 0,
    "past_sos": 0.5381,
    "clinched": false,
    "eliminated": true
  },
  "Falcons": {
    "conference": "NFC",
    "division": "NFC South",
    "W": 8,
    "L": 9,
    "win_pct": 0.47058823529411764,
    "conference_pct": 0.5833333333333334,
    "division_pct": 0.6666666666666666,